,first_name,last_name,bsbref_id,position,bats,throws,cur_team,dob,draft_team,draft_pick,draft_year,high_school,debut
0,Albert,Pujols,pujolal01,"First Baseman, Leftfielder and Third Baseman",Right,Right,,1980-01-16,St. Louis Cardinalsin,,1999,Fort Osage HS,2001-04-02
1,Miguel,Cabrera,cabremi01,"First Baseman, Third Baseman and Leftfielder",Right,Right,Detroit Tigers,1983-04-18,,,,Maracay,2003-06-20
2,Shin-Soo,Choo,choosh01,Rightfielder,Left,Left,,1982-07-13,,,,Pusan,2005-04-21
3,Adam,Jones,jonesad01,Centerfielder,Right,Right,,1985-08-01,Seattle Marinersin,37,2003,Samuel F. B. Morse HS,2006-07-14
4,Nelson,Cruz Jr.,cruzne02,Rightfielder and Designated Hitter,Right,Right,,1980-07-01,,,,Monte Cristi,2005-09-17
5,Evan,Longoria,longoev01,Third Baseman,Right,Right,San Francisco Giants,1985-10-07,Tampa Bay Devil Raysin,3,2006,St. John Bosco HS,2008-04-12
6,Dexter,Fowler,fowlede01,Centerfielder,Both,Right,,1986-03-22,Colorado Rockiesin,,2004,Milton HS,2008-09-02
7,Asdrubal,Cabrera,cabreas01,"Shortstop, Second Baseman and Third Baseman",Both,Right,Cincinnati Reds,1985-11-13,,,,Placido Maneiro,2007-08-08
8,Charlie,Blackmon,blackch02,Outfielder,Left,Left,Colorado Rockies,1986-07-01,Florida Marlinsin,,2004,North Gwinnett HS,2011-06-07
9,Lorenzo,Cain,cainlo01,Centerfielder,Right,Right,Milwaukee Brewers,1986-04-13,Milwaukee Brewersin,,2004,Madison County HS,2010-07-16
10,Justin,Turner,turneju01,"Third Baseman, Second Baseman and Shortstop",Right,Right,Los Angeles Dodgers,1984-11-23,New York Yankeesin,,2005,Mayfair HS,2009-09-08
11,Joey,Votto,vottojo01,First Baseman,Left,Right,Cincinnati Reds,1983-09-10,Cincinnati Redsin,,2002,Richview Collegiate Institute,2007-09-04
12,Brett,Gardner,gardnbr01,Outfielder,Left,Left,,1983-08-24,New York Yankeesin,,2005,Holly Hill Academy,2008-06-30
13,Ryan,Braun,braunry02,Leftfielder and Third Baseman,Right,Right,,1983-11-17,Milwaukee Brewersin,5,2005,Granada Hills HS,2007-05-25
14,Alex,Gordon,gordoal01,Leftfielder and Third Baseman,Left,Right,,1984-02-10,Kansas City Royalsin,2,2005,Lincoln Southeast HS,2007-04-02
15,Elvis,Andrus,andruel01,Shortstop,Right,Right,Oakland Athletics,1988-08-26,,,,,2009-04-06
16,Wilson,Ramos,ramoswi01,Catcher,Right,Right,,1987-08-10,,,,U. E. Santa Ines,2010-05-02
17,Carlos,Santana,santaca01,First Baseman and Catcher,Both,Right,Kansas City Royals,1986-04-08,,,,,2010-06-11
18,Brandon,Belt,beltbr01,First Baseman and Leftfielder,Left,Left,San Francisco Giants,1988-04-20,Boston Red Soxin,,2006,Hudson HS,2011-03-31
19,Michael,Brantley Jr.,brantmi01,Outfielder,Right,Right,,1961-06-17,Cincinnati Redsin,,1982,Catskill HS,1986-08-09
20,Yuli,Gurriel,gourryu01,First Baseman and Third Baseman,Right,Right,Houston Astros,1984-06-09,,,,,2016-08-21
21,Miguel,Rojas,rojasmi02,"Shortstop, First Baseman and Third Baseman",Right,Right,Miami Marlins,1989-02-24,,,,,2014-06-06
22,Eduardo,Escobar,escobed01,"Third Baseman, Shortstop and Second Baseman",Both,Right,New York Mets,1989-01-05,,,,,2011-09-02
23,Khris,Davis,daviskh01,Leftfielder and Designated Hitter,Right,Right,,1987-12-21,Washington Nationalsin,,2006,Deer Valley HS,2013-04-01
24,Tommy,Pham,phamth01,Outfielder,Right,Right,,1988-03-08,St. Louis Cardinalsin,,2006,Durango HS,2014-09-09
25,J.D.,Martinez,martijd02,Outfielder and Designated Hitter,Right,Right,Boston Red Sox,1987-08-21,Minnesota Twinsin,,2006,Charles Flanagan HS,2011-07-30
26,Josh,Reddick,reddijo01,Rightfielder,Left,Right,,1987-02-19,Boston Red Soxin,,2006,South Effingham HS,2009-07-31
27,Paul,Goldschmidt,goldspa01,First Baseman,Right,Right,St. Louis Cardinals,1987-09-10,Los Angeles Dodgersin,,2006,The Woodlands HS,2011-08-01
28,Jose,Altuve,altuvjo01,Second Baseman,Right,Right,Houston Astros,1990-05-06,,,,,2011-07-20
29,Cesar,Hernandez,hernace02,Second Baseman,Both,Right,,1990-05-23,,,,,2013-05-29
30,Jean,Segura,segurje01,Shortstop and Second Baseman,Right,Right,Philadelphia Phillies,1990-03-17,,,,,2012-07-24
31,Starlin,Castro,castrst01,"Shortstop, Second Baseman and Third Baseman",Right,Right,,1990-03-24,,,,,2010-05-07
32,Starling,Marte,martest01,Outfielder,Right,Right,New York Mets,1988-10-09,,,,,2012-07-26
33,Josh,Donaldson,donaljo02,Third Baseman,Right,Right,Minnesota Twins,1985-12-08,Chicago Cubsin,48,2007,Faith Academy,2010-04-30
34,Freddie,Freeman,freemfr01,First Baseman,Left,Right,,1989-09-12,Atlanta Bravesin,,2007,El Modena HS,2010-09-01
35,Yasmani,Grandal,grandya01,Catcher and First Baseman,Both,Right,Chicago White Sox,1988-11-08,Boston Red Soxin,,2007,Miami Springs HS,2012-06-02
36,Jason,Heyward,heywaja01,Rightfielder,Left,Left,Chicago Cubs,1989-08-09,Atlanta Bravesin,14,2007,Henry County HS,2010-04-05
37,DJ,LeMahieu,lemahdj01,"Second Baseman, Third Baseman and First Baseman",Right,Right,New York Yankees,1988-07-13,Detroit Tigersin,,2007,Brother Rice HS,2011-05-30
38,Mike,Moustakas,moustmi01,Third Baseman and Second Baseman,Left,Right,Cincinnati Reds,1988-09-11,Kansas City Royalsin,2,2007,Chatsworth HS,2011-06-10
39,Anthony,Rizzo,rizzoan01,First Baseman,Left,Left,,1989-08-08,Boston Red Soxin,,2007,Stoneman-Douglas HS,2011-06-09
40,Freddy,Galvis,galvifr01,"Shortstop, Second Baseman and Third Baseman",Both,Right,,1989-11-14,,,,,2012-04-05
41,Avisail,Garcia,garciav01,Rightfielder,Right,Right,Miami Marlins,1991-06-12,,,,,2012-08-31
42,Marcell,Ozuna,ozunama01,Outfielder,Right,Right,Atlanta Braves,1990-11-12,,,,,2013-04-30
43,Jonathan,Villar,villajo01,"Shortstop, Second Baseman and Third Baseman",Both,Right,,1991-05-02,,,,,2013-07-22
44,Danny,Santana,santada01,"Outfielder, Shortstop and First Baseman",Both,Right,,1990-11-07,,,,,2014-05-05
45,Brandon,Crawford,crawfbr01,Shortstop,Left,Right,San Francisco Giants,1987-01-21,San Francisco Giantsin,,2008,Foothill HS,2011-05-27
46,Eric,Hosmer,hosmeer01,First Baseman,Left,Left,San Diego Padres,1989-10-24,Kansas City Royalsin,3,2008,American Heritage HS,2011-05-06
47,Jason,Kipnis,kipnija01,Second Baseman,Left,Right,,1987-04-03,San Diego Padresin,,2008,Glenbrook North HS,2011-07-22
48,Anthony,Rendon,rendoan01,Third Baseman and Second Baseman,Right,Right,Los Angeles Angels,1990-06-06,Atlanta Bravesin,,2008,Lamar HS,2013-04-21
49,Marcus,Semien,semiema01,"Shortstop, Second Baseman and Third Baseman",Right,Right,Texas Rangers,1990-09-17,Chicago White Soxin,,2008,St. Mary's HS,2013-09-04
50,George,Springer III,springe01,Outfielder,Right,Right,Toronto Blue Jays,1989-09-19,Minnesota Twinsin,,2008,Avon Old Farms School,2014-04-16
51,Christian,Vazquez,vazquch01,Catcher,Right,Right,Boston Red Sox,1990-08-21,Boston Red Soxin,,2008,Puerto Rico Baseball Academy,2014-07-09
52,Kolten,Wong,wongko01,Second Baseman,Left,Right,Milwaukee Brewers,1990-10-10,Minnesota Twinsin,,2008,Kamehameha HS,2013-08-16
53,Leury,Garcia,garcile02,"Outfielder, Second Baseman and Shortstop",Both,Right,Chicago White Sox,1991-03-18,,,,Liceo Ercilia Pepin,2013-04-06
54,Randal,Grichuk,grichra01,Outfielder,Right,Right,Toronto Blue Jays,1991-08-13,Los Angeles Angels,24,2009,Lamar Consolidated HS,2014-04-28
55,Mike,Trout,troutmi01,Centerfielder,Right,Right,Los Angeles Angels,1991-08-07,Los Angeles Angels,25,2009,Millville Senior HS,2011-07-08
56,Bryce,Harper,harpebr03,Rightfielder,Left,Right,Philadelphia Phillies,1992-10-16,Washington Nationalsin,1,2010,Las Vegas HS,2012-04-28
57,Jose,Abreu,abreujo01,Third Baseman and Second Baseman,Right,Right,,1913-05-24,,,,McClymonds HS,1942-04-23
58,Eugenio,Suarez,suareeu01,Third Baseman and Shortstop,Right,Right,Cincinnati Reds,1991-07-18,,,,,2014-06-04
59,Domingo,Santana,santado01,Rightfielder,Right,Right,,1992-08-05,,,,,2014-07-01
60,Yolmer,Sanchez,sanchca01,Second Baseman and Third Baseman,Both,Right,,1992-06-29,,,,Ayacucho,2014-07-13
61,Nolan,Arenado,arenano01,Third Baseman,Right,Right,St. Louis Cardinals,1991-04-16,Colorado Rockiesin,,2009,El Toro HS,2013-04-28
62,Max,Muncy,muncyma01,"First Baseman, Second Baseman and Third Baseman",Left,Right,Los Angeles Dodgers,1990-08-25,Cleveland Indiansin,,2009,Keller HS,2015-04-25
63,Luke,Voit III,voitlu01,First Baseman,Right,Right,New York Yankees,1991-02-13,Kansas City Royalsin,,2009,Lafayette HS,2017-06-25
64,Christian,Walker,walkech02,First Baseman,Right,Right,Arizona Diamondbacks,1991-03-28,Los Angeles Dodgersin,,2009,Kennedy-Kenrick Catholic HS,2014-09-17
65,Jose,Iglesias,iglesjo01,Shortstop and Third Baseman,Right,Right,,1990-01-05,,,,,2011-05-08
66,Kris,Bryant,bryankr01,"Third Baseman, Outfielder and First Baseman",Right,Right,,1992-01-04,Toronto Blue Jaysin,,2010,Bonanza HS,2015-04-17
67,Nick,Castellanos,casteni01,Third Baseman and Rightfielder,Right,Right,,1992-03-04,Detroit Tigersin,44,2010,Archbishop McCarthy HS,2013-09-01
68,Manny,Machado,machama01,Third Baseman and Shortstop,Right,Right,San Diego Padres,1992-07-06,Baltimore Oriolesin,3,2010,Brito Miami Private School,2012-08-09
69,Colin,Moran,moranco01,Third Baseman and First Baseman,Left,Right,,1992-10-01,Miami Marlinsin,6,2013,Iona Prep HS,2016-05-18
70,Joc,Pederson,pederjo01,Outfielder,Left,Left,,1992-04-21,Los Angeles Dodgersin,,2010,Palo Alto HS,2014-09-01
71,J.T.,Realmuto,realmjt01,Catcher and First Baseman,Right,Right,Philadelphia Phillies,1991-03-18,Florida Marlinsin,,2010,Carl Albert HS,2014-06-05
72,Eddie,Rosario,rosared01,Leftfielder,Left,Right,,1991-09-28,Minnesota Twinsin,,2010,Rafael Lopez Landron HS,2015-05-06
73,Christian,Yelich,yelicch01,Outfielder,Left,Right,Milwaukee Brewers,1991-12-05,Florida Marlinsin,23,2010,Westlake HS,2013-07-23
74,Whit,Merrifield,merriwh01,Second Baseman and Outfielder,Right,Right,Kansas City Royals,1989-01-24,Kansas City Royalsin,,2010,Davie County HS,2016-05-18
75,Xander,Bogaerts,bogaexa01,Shortstop and Third Baseman,Right,Right,Boston Red Sox,1992-10-01,,,,Colegio Arubano,2013-08-20
76,Hanser,Alberto,alberha01,"Second Baseman, Third Baseman and Shortstop",Right,Right,,1992-10-17,,,,,2015-05-29
77,Jorge,Polanco,polanjo01,Shortstop and Second Baseman,Both,Right,Minnesota Twins,1993-07-05,,,,,2014-06-26
78,Kole,Calhoun,calhoko01,Rightfielder,Left,Left,Texas Rangers,1987-10-14,Los Angeles Angels,,2010,Buckeye HS,2012-05-22
79,Adam,Eaton,eatonad02,Outfielder,Left,Left,,1988-12-06,Arizona Diamondbacksin,,2010,Kenton Ridge HS,2012-09-04
80,Jurickson,Profar,profaju01,"Second Baseman, Outfielder and Shortstop",Both,Right,San Diego Padres,1993-02-20,,,,,2012-09-02
81,Javier,Baez,baezja01,"Shortstop, Second Baseman and Third Baseman",Right,Right,Detroit Tigers,1992-12-01,Chicago Cubsin,9,2011,Arlington Country Day School,2014-08-05
82,Francisco,Lindor,lindofr01,Shortstop,Both,Right,New York Mets,1993-11-14,Cleveland Indiansin,8,2011,Montverde HS,2015-06-14
83,Rougned,Odor,odorro01,Second Baseman,Left,Right,Baltimore Orioles,1994-02-03,,,,,2014-05-08
84,Trevor,Story,storytr01,Shortstop,Right,Right,,1992-11-15,Colorado Rockiesin,45,2011,Irving HS,2016-04-04
85,Daniel,Vogelbach,vogelda01,First Baseman and Designated Hitter,Left,Right,,1992-12-17,Chicago Cubsin,,2011,Bishop Verot HS,2016-09-12
86,Max,Kepler,keplema01,Rightfielder,Left,Left,Minnesota Twins,1993-02-10,,,,John F. Kennedy School,2015-09-27
87,Jackie,Bradley Jr.,bradlja02,Centerfielder,Left,Right,Boston Red Sox,1990-04-19,Boston Red Soxin,40,2011,Prince George HS,2013-04-01
88,Renato,Nunez,nunezre01,"Designated Hitter, Third Baseman and First Baseman",Right,Right,,1994-04-04,,,,,2016-09-12
89,Nick,Ahmed,ahmedni01,Shortstop,Right,Right,Arizona Diamondbacks,1990-03-15,Atlanta Bravesin,,2011,East Longmeadow HS,2014-06-29
90,Brian,Anderson,anderbr06,Third Baseman and Rightfielder,Right,Right,Miami Marlins,1993-05-19,Minnesota Twinsin,,2011,Deer Creek HS,2017-09-01
91,Josh,Bell,belljo02,First Baseman and Outfielder,Both,Right,,1992-08-14,Pittsburgh Piratesin,,2011,Dallas Jesuit College Prep,2016-07-08
92,Mookie,Betts,bettsmo01,Rightfielder,Right,Right,Los Angeles Dodgers,1992-10-07,Boston Red Soxin,,2011,Overton HS,2014-06-29
93,Mallex,Smith,smithma05,Outfielder,Left,Right,,1993-05-06,Milwaukee Brewersin,,2011,Rickards HS,2016-04-11
94,Orlando,Arcia,arciaor01,Shortstop,Right,Right,Atlanta Braves,1994-08-04,,,,,2016-08-02
95,Ketel,Marte,marteke01,"Second Baseman, Shortstop and Centerfielder",Both,Right,Arizona Diamondbacks,1993-10-12,,,,,2015-07-31
96,Trea,Turner,turnetr01,"Shortstop, Second Baseman and Centerfielder",Right,Right,Los Angeles Dodgers,1993-06-30,Pittsburgh Piratesin,,2011,Park Vista Community HS,2015-08-21
97,Kevin,Pillar,pillake01,Centerfielder,Right,Right,,1989-01-04,Toronto Blue Jaysin,,2011,Chaminade College Preparatory School,2013-08-14
98,Jose,Ramirez,ramirjo02,Pitcher,Right,Right,,1990-01-21,,,,,2014-06-04
99,Alex,Bregman,bregmal01,Third Baseman and Shortstop,Right,Right,Houston Astros,1994-03-30,Boston Red Soxin,,2012,Albuquerque Academy,2016-07-25
100,Corey,Seager,seageco01,Shortstop,Left,Right,Texas Rangers,1994-04-27,Los Angeles Dodgersin,18,2012,Northwest Cabarrus HS,2015-09-03
101,Franmil,Reyes,reyesfr01,Designated Hitter and Rightfielder,Right,Right,Cleveland Indians,1995-07-07,,,,,2018-05-14
102,Dansby,Swanson,swansda01,Shortstop,Right,Right,Atlanta Braves,1994-02-11,Colorado Rockiesin,,2012,Marietta HS,2016-08-17
103,Kevin,Newman,newmake01,Shortstop and Second Baseman,Right,Right,Pittsburgh Pirates,1993-08-04,Pittsburgh Piratesin,19,2015,Poway HS,2018-08-16
104,Matt,Olson,olsonma02,First Baseman,Left,Right,Oakland Athletics,1994-03-29,Oakland Athleticsin,47,2012,Parkview HS,2016-09-12
105,Pete,Alonso,alonspe01,First Baseman,Right,Right,New York Mets,1994-12-07,New York Metsin,,2016,H. B. Plant HS,2019-03-28
106,Michael,Conforto,confomi01,Outfielder,Left,Right,,1993-03-01,New York Metsin,10,2014,Redmond HS,2015-07-24
107,Adam,Frazier,fraziad01,Second Baseman and Outfielder,Left,Right,Seattle Mariners,1991-12-14,Pittsburgh Piratesin,,2013,Oconee County HS,2016-06-24
108,Yasiel,Puig,puigya01,Rightfielder,Right,Right,,1990-12-07,,,,,2013-06-03
109,Jorge,Soler,solerjo01,Rightfielder and Designated Hitter,Right,Right,,1992-02-25,,,,,2014-08-27
110,Austin,Meadows,meadoau01,Outfielder and Designated Hitter,Left,Left,Tampa Bay Rays,1995-05-03,Pittsburgh Piratesin,9,2013,Grayson HS,2018-05-18
111,Tim,Anderson,anderti01,Shortstop,Right,Right,Chicago White Sox,1993-06-23,Chicago White Soxin,17,2013,Hillcrest HS,2016-06-10
112,Cody,Bellinger,bellico01,Outfielder and First Baseman,Left,Left,Los Angeles Dodgers,1995-07-13,Los Angeles Dodgersin,,2013,Hamilton HS,2017-04-25
113,Hunter,Dozier,doziehu01,"Third Baseman, Rightfielder and First Baseman",Right,Right,Kansas City Royals,1991-08-22,Kansas City Royalsin,8,2013,Denton HS,2016-09-12
114,Trey,Mancini III,mancitr01,Outfielder and First Baseman,Right,Right,Baltimore Orioles,1992-03-18,Baltimore Oriolesin,,2013,Winter Haven HS,2016-09-20
115,Ryan,McMahon,mcmahry01,"Second Baseman, Third Baseman and First Baseman",Left,Right,Colorado Rockies,1994-12-14,Colorado Rockiesin,,2013,Mater Dei HS,2017-08-12
116,Amed,Rosario,rosaram01,Shortstop,Right,Right,Cleveland Indians,1995-11-20,,,,,2017-08-01
117,Willy,Adames,adamewi01,Shortstop,Right,Right,Milwaukee Brewers,1995-09-02,,,,,2018-05-22
118,Andrew,Benintendi,beninan01,Leftfielder,Left,Left,Kansas City Royals,1994-07-06,Cincinnati Redsin,,2013,Madeira HS,2016-08-02
119,Jeff,McNeil,mcneije01,"Second Baseman, Leftfielder and Third Baseman",Left,Right,New York Mets,1992-04-08,New York Metsin,,2013,Nipomo HS,2018-07-24
120,Ozzie,Albies,albieoz01,Second Baseman,Both,Right,Atlanta Braves,1997-01-07,,,,,2017-08-01
121,Victor,Robles,roblevi01,Centerfielder,Right,Right,,1997-05-19,,,,,2017-09-07
122,Rafael,Devers,deverra01,Third Baseman,Left,Right,Boston Red Sox,1996-10-24,,,,,2017-07-25
123,Eloy,Jimenez,jimenel02,Leftfielder,Right,Right,Chicago White Sox,1996-11-27,,,,,2019-03-28
124,Gleyber,Torres,torregl01,Shortstop and Second Baseman,Right,Right,New York Yankees,1996-12-13,,,,,2018-04-22
125,Matt,Chapman,chapmma01,Third Baseman,Right,Right,Oakland Athletics,1993-04-28,Oakland Athleticsin,25,2014,El Toro HS,2017-06-15
126,Rhys,Hoskins,hoskirh01,First Baseman and Leftfielder,Right,Right,Philadelphia Phillies,1993-03-17,Philadelphia Philliesin,,2014,Jesuit HS,2017-08-10
127,Kyle,Schwarber,schwaky01,Leftfielder and Catcher,Left,Right,,1993-03-05,Chicago Cubsin,4,2014,Middletown HS,2015-06-16
128,Paul,DeJong,dejonpa01,Shortstop and Second Baseman,Right,Right,St. Louis Cardinals,1993-08-02,Pittsburgh Piratesin,,2014,Antioch HS,2017-05-28
129,Yoan,Moncada,moncayo01,Third Baseman and Second Baseman,Both,Right,Chicago White Sox,1995-05-27,,,,,2016-09-02
130,Ronald,Acuna Jr.,acunaro01,Outfielder,Right,Right,Atlanta Braves,1997-12-18,,,,,2018-04-25
131,David,Fletcher,fletcda02,"Second Baseman, Third Baseman and Shortstop",Right,Right,Los Angeles Angels,1994-05-31,Los Angeles Angels,,2015,,2018-06-13
132,Vladimir,Guerrero Jr.,guerrvl02,First Baseman and Third Baseman,Right,Right,Toronto Blue Jays,1999-03-16,,,,,2019-04-26
133,Juan,Soto,sotoju01,Outfielder,Left,Left,,1998-10-25,,,,,2018-05-20
134,Bryan,Reynolds,reynobr01,Outfielder,Both,Right,Pittsburgh Pirates,1995-01-27,San Francisco Giantsin,,2016,,2019-04-20
135,Victor,Martinez,martivi01,"Designated Hitter, Catcher and First Baseman",Both,Right,,1978-12-23,,,,Ciudad Bolivar,2002-09-10
136,Joe,Mauer,mauerjo01,Catcher and First Baseman,Left,Right,,1983-04-19,Minnesota Twinsin,1,2001,Cretin HS,2004-04-05
137,Yadier,Molina,molinya01,Catcher,Right,Right,St. Louis Cardinals,1982-07-13,St. Louis Cardinalsin,,2000,Ladislao Martinez HS,2004-06-03
138,Edwin,Encarnacion,encared01,"Designated Hitter, Third Baseman and First Baseman",Right,Right,,1983-01-07,Texas Rangersin,,2000,Manuela Toro HS,2005-06-24
139,Ian,Kinsler,kinslia01,Second Baseman,Right,Right,,1982-06-22,Arizona Diamondbacksin,,2000,Canyon del Oro HS,2006-04-03
140,Ian,Desmond,desmoia01,"Shortstop, Outfielder and First Baseman",Right,Right,Colorado Rockies,1985-09-20,Montreal Exposin,,2004,Sarasota HS,2009-09-10
141,David,Peralta,peralda01,Leftfielder,Left,Left,Arizona Diamondbacks,1987-08-14,,,,,2014-06-01
142,Alcides,Escobar,escobal02,Shortstop,Right,Right,,1986-12-16,,,,,2008-09-03
143,Jon,Jay,jayjo02,Outfielder,Left,Left,,1985-03-15,St. Louis Cardinalsin,,2006,Christopher Columbus HS,2010-04-26
144,Chris,Davis,davisch02,"First Baseman, Third Baseman and Rightfielder",Left,Right,,1986-03-17,New York Yankeesin,,2004,Longview HS,2008-06-26
145,Ben,Zobrist,zobribe01,"Second Baseman, Rightfielder and Shortstop",Both,Right,,1981-05-26,Houston Astrosin,,2004,Eureka HS,2006-08-01
146,Nick,Markakis,markani01,Rightfielder,Left,Left,,1983-11-17,Cincinnati Redsin,,2001,Woodstock HS,2006-04-03
147,Eduardo,Nunez,nunezed02,"Third Baseman, Shortstop and Second Baseman",Right,Right,,1987-06-15,,,,American Military Academy,2010-08-19
148,Andrew,McCutchen,mccutan01,Centerfielder,Right,Right,,1986-10-10,Pittsburgh Piratesin,11,2005,Fort Meade HS,2009-06-04
149,Justin,Upton,uptonju01,Outfielder,Right,Right,Los Angeles Angels,1987-08-25,Arizona Diamondbacksin,1,2005,Great Bridge HS,2007-08-02
150,Matt,Kemp,kempma01,Outfielder,Right,Right,,1984-09-23,Los Angeles Dodgersin,,2003,Midwest City HS,2006-05-28
151,Carlos,Gonzalez,gonzaca01,Outfielder,Left,Left,,1985-10-17,,,,Liceo Udon Perez,2008-05-30
152,Yonder,Alonso,alonsyo01,First Baseman,Left,Right,,1987-04-08,Minnesota Twinsin,,2005,Coral Gables HS,2010-09-01
153,Justin,Smoak,smoakju01,First Baseman,Both,Left,,1986-12-05,Oakland Athleticsin,,2005,Stratford HS,2010-04-23
154,Jed,Lowrie,lowrije01,"Shortstop, Second Baseman and Third Baseman",Both,Right,,1984-04-17,Boston Red Soxin,45,2005,North Salem HS,2008-04-15
155,Yangervis,Solarte,solarya01,"Third Baseman, Second Baseman and Shortstop",Both,Right,,1987-07-03,,,,Tomas Alba Edison,2014-04-02
156,Jose,Martinez,martijo08,"Rightfielder, First Baseman and Pinch Hitter",Right,Right,,1988-07-25,,,,,2016-09-06
157,Marwin,Gonzalez,gonzama01,"Shortstop, First Baseman and Leftfielder",Both,Right,,1989-03-14,,,,,2012-04-06
158,Derek,Dietrich,dietrde01,"Second Baseman, Leftfielder and Third Baseman",Left,Right,,1989-07-18,Houston Astrosin,,2007,St. Ignatius HS,2013-05-08
159,Giancarlo,Stanton,stantmi03,Rightfielder,Right,Right,New York Yankees,1989-11-08,Florida Marlinsin,,2007,Notre Dame HS,2010-06-08
160,Salvador,Perez,perezsa02,Catcher,Right,Right,Kansas City Royals,1990-05-10,,,,,2011-08-10
161,Ender,Inciarte,inciaen01,Centerfielder,Left,Left,,1990-10-29,,,,,2014-05-02
162,Jesus,Aguilar,aguilje01,First Baseman,Right,Right,Miami Marlins,1990-06-30,,,,,2014-05-15
163,C.J.,Cron,croncj01,First Baseman,Right,Right,Colorado Rockies,1990-01-05,Chicago White Soxin,,2008,Mountain Pointe HS,2014-05-03
164,Aaron,Hicks,hicksaa01,Centerfielder,Both,Right,New York Yankees,1989-10-02,Minnesota Twinsin,14,2008,Woodrow Wilson HS,2013-04-01
165,Travis,Shaw,shawtr01,"Third Baseman, First Baseman and Second Baseman",Left,Right,,1990-04-16,Boston Red Soxin,,2008,Washington Senior HS,2015-05-08
166,Dee,Strange-Gordon,gordode01,"Second Baseman, Shortstop and Centerfielder",Left,Right,,1988-04-22,Los Angeles Dodgersin,,2008,Avon Park HS,2011-06-06
167,Didi,Gregorius,gregodi01,Shortstop,Left,Right,Philadelphia Phillies,1990-02-18,,,,,2012-09-05
168,Odubel,Herrera,herreod01,Centerfielder,Left,Right,,1991-12-29,,,,,2015-04-06
169,Gregory,Polanco,polangr01,Rightfielder,Left,Left,,1991-09-14,,,,,2014-06-10
170,Tucker,Barnhart,barnhtu01,Catcher,Left,Right,Detroit Tigers,1991-01-07,Cincinnati Redsin,,2009,Brownsburg HS,2014-04-03
171,Scooter,Gennett,gennesc01,Second Baseman,Left,Right,,1990-05-01,Milwaukee Brewersin,,2009,Sarasota HS,2013-06-03
172,Billy,Hamilton,hamilbi02,Centerfielder,Both,Right,,1990-09-09,Cincinnati Redsin,,2009,Taylorsville HS,2013-09-03
173,Mitch,Haniger,hanigmi01,Rightfielder,Right,Right,Seattle Mariners,1990-12-23,New York Metsin,,2009,Archbishop Mitty HS,2016-08-16
174,Stephen,Piscotty,piscost01,Rightfielder,Right,Right,Oakland Athletics,1991-01-14,Los Angeles Dodgersin,,2009,Amador Valley HS,2015-07-21
175,Kyle,Seager,seageky01,Third Baseman,Left,Right,,1987-11-03,Seattle Marinersin,,2009,Northwest Cabarrus HS,2011-07-07
176,Matt,Carpenter,carpema01,"Third Baseman, First Baseman and Second Baseman",Left,Right,,1985-11-26,St. Louis Cardinalsin,,2009,Lawrence E Elkins HS,2011-06-04
177,Corey,Dickerson,dickeco01,Leftfielder,Left,Right,,1989-05-22,Colorado Rockiesin,,2009,Brookhaven Academy,2013-06-22
178,Brian,Dozier,doziebr01,Second Baseman and Shortstop,Right,Right,,1987-05-15,Minnesota Twinsin,,2009,Itawamba Agricultural HS,2012-05-07
179,Willson,Contreras,contrwi01,Catcher and Leftfielder,Right,Right,Chicago Cubs,1992-05-13,,,,,2016-06-17
180,Ryon,Healy,healyry01,First Baseman and Third Baseman,Right,Right,,1992-01-10,Oakland Athleticsin,,2013,Crespi Carmelite HS,2016-07-15
181,Andrelton,Simmons,simmoan01,Shortstop,Right,Right,,1989-09-04,Atlanta Bravesin,,2010,,2012-06-02
182,Jeimer,Candelario,candeje01,Third Baseman and First Baseman,Both,Right,Detroit Tigers,1993-11-24,,,,,2016-07-03
183,Teoscar,Hernandez,hernate01,Outfielder,Right,Right,Toronto Blue Jays,1992-10-15,,,,,2016-08-12
184,Jose,Peraza,perazjo01,"Shortstop, Second Baseman and Leftfielder",Right,Right,New York Yankees,1994-04-30,,,,,2015-08-10
185,Brandon,Nimmo,nimmobr01,Outfielder,Left,Right,New York Mets,1993-03-27,New York Metsin,13,2011,East HS,2016-06-26
186,Joey,Gallo,gallojo01,"Outfielder, First Baseman and Third Baseman",Left,Right,New York Yankees,1993-11-19,Texas Rangersin,39,2012,Bishop Gorman HS,2015-06-02
187,Nomar,Mazara,mazarno01,Rightfielder,Left,Left,,1995-04-26,,,,,2016-04-10
188,Miguel,Andujar,andujmi01,Third Baseman and Leftfielder,Right,Right,New York Yankees,1995-03-02,,,,,2017-06-28
189,Chris,Taylor,tayloch03,"Outfielder, Shortstop and Second Baseman",Right,Right,Los Angeles Dodgers,1990-08-29,Seattle Marinersin,,2012,Frank W. Cox HS,2014-07-24
190,Joey,Wendle,wendljo01,"Second Baseman, Third Baseman and Shortstop",Left,Right,Miami Marlins,1990-04-26,Cleveland Indiansin,,2012,Avon Grove HS,2016-08-31
191,Matt,Duffy,duffyma01,"Third Baseman, Second Baseman and Shortstop",Right,Right,,1991-01-15,San Francisco Giantsin,,2012,Lakewood HS,2014-08-01
192,Manuel,Margot,margoma01,Centerfielder,Right,Right,Tampa Bay Rays,1994-09-28,,,,,2016-09-21
193,Johan,Camargo,camarjo01,"Third Baseman, Shortstop and Second Baseman",Both,Right,Philadelphia Phillies,1993-12-13,,,,,2017-04-11
194,Donovan,Solano,solando01,"Second Baseman, Shortstop and Third Baseman",Right,Right,,1987-12-17,,,,,2012-05-21
195,Wilmer,Flores,florewi01,"Second Baseman, Third Baseman and First Baseman",Right,Right,San Francisco Giants,1991-08-06,,,,Inra,2013-08-06
196,Robbie,Grossman,grossro01,Outfielder,Both,Left,Detroit Tigers,1989-09-16,Pittsburgh Piratesin,,2008,Cy-Fair HS,2013-04-24
197,Rio,Ruiz,ruizri01,"Third Baseman, Pinch Hitter and Second Baseman",Left,Right,,1994-05-22,Houston Astrosin,,2012,Bishop Amat Memorial HS,2016-09-18
198,Erik,Gonzalez,gonzaer01,"Shortstop, Third Baseman and Second Baseman",Right,Right,Miami Marlins,1991-08-31,,,,,2016-07-16
199,Wil,Myers,myerswi01,"Outfielder, First Baseman and Third Baseman",Right,Right,San Diego Padres,1990-12-10,Kansas City Royalsin,,2009,Wesleyan Christian Academy,2013-06-18
200,AJ,Pollock,polloaj01,Centerfielder,Right,Right,Los Angeles Dodgers,1987-12-05,Arizona Diamondbacksin,17,2009,RHAM,2012-04-18
201,Mike,Yastrzemski,yastrmi01,Rightfielder,Left,Left,San Francisco Giants,1990-08-23,Boston Red Soxin,,2009,St. John's Preparatory School,2019-05-25
202,Mark,Canha,canhama01,Outfielder and First Baseman,Right,Right,New York Mets,1989-02-15,Florida Marlinsin,,2010,Bellarmine College Preparatory,2015-04-08
203,Miguel,Sano,sanomi01,"Third Baseman, First Baseman and Rightfielder",Right,Right,Minnesota Twins,1993-05-11,,,,,2015-07-02
204,Adam,Duvall,duvalad01,Leftfielder and First Baseman,Right,Right,Atlanta Braves,1988-09-04,San Francisco Giantsin,,2010,Butler Traditional HS,2014-06-26
205,Maikel,Franco,francma02,Third Baseman,Right,Right,,1992-08-26,,,,,2014-09-02
206,Tommy,La Stella,lasteto01,"Second Baseman, Pinch Hitter and Third Baseman",Left,Right,San Francisco Giants,1989-01-31,Atlanta Bravesin,,2011,St. Joseph Regional HS,2014-05-28
207,J.D.,Davis,davisjd01,"Third Baseman, Leftfielder and First Baseman",Right,Right,New York Mets,1993-04-27,Tampa Bay Raysin,,2011,Elk Grove HS,2017-08-05
208,Raimel,Tapia,tapiara01,Leftfielder and Pinch Hitter,Left,Left,Colorado Rockies,1994-02-04,,,,,2016-09-02
209,Adalberto,Mondesi,mondera02,"Shortstop, Second Baseman and Third Baseman",Both,Right,Kansas City Royals,1995-07-27,,,,,
210,Carlos,Correa,correca01,Shortstop,Right,Right,@TeamCJCorrea,1994-09-22,Houston Astrosin,1,2012,Puerto Rico Baseball Academy,2015-06-08
211,Victor,Reyes,reyesvi01,Outfielder,Both,Right,Detroit Tigers,1994-10-05,,,,,2018-04-01
212,Cavan,Biggio,biggica01,"Second Baseman, Third Baseman and Rightfielder",Left,Right,Toronto Blue Jays,1995-04-11,Philadelphia Philliesin,,2013,St. Thomas HS,2019-05-24
213,Jake,Cronenworth,croneja01,"Second Baseman, Shortstop and First Baseman",Left,Right,San Diego Padres,1994-01-21,Tampa Bay Raysin,,2015,St. Clair HS,2020-07-26
214,J.P.,Crawford,crawfjp01,Shortstop and Third Baseman,Left,Right,Seattle Mariners,1995-01-11,Philadelphia Philliesin,16,2013,Lakewood HS,2017-09-05
215,Kyle,Lewis,lewisky01,Centerfielder,Right,Right,Seattle Mariners,1995-07-13,Seattle Marinersin,11,2016,Shiloh HS,2019-09-10
216,Dominic,Smith,smithdo02,Leftfielder and First Baseman,Left,Left,New York Mets,1995-06-15,New York Metsin,11,2013,Junipero Serra HS,2017-08-11
217,Isiah,Kiner-Falefa,kineris01,"Shortstop, Third Baseman and Catcher",Right,Right,Texas Rangers,1995-03-23,Texas Rangersin,,2013,Mid Pacific Institute HS,2018-04-10
218,Alex,Verdugo,verdual01,Outfielder,Left,Left,Boston Red Sox,1996-05-15,Los Angeles Dodgersin,,2014,Sahuaro HS,2017-09-01
219,Evan,White,whiteev01,First Baseman,Right,Left,Seattle Mariners,1996-04-26,Seattle Marinersin,17,2017,Lincoln HS,2020-07-24
220,Ramon,Laureano,laurera01,Centerfielder,Right,Right,Oakland Athletics,1994-07-15,Houston Astrosin,,2014,,2018-08-03
221,Austin,Riley,rileyau01,"Third Baseman, Leftfielder and First Baseman",Right,Right,Atlanta Braves,1997-04-02,Atlanta Bravesin,41,2015,DeSoto Central HS,2019-05-15
222,Kyle,Tucker,tuckeky01,Outfielder,Left,Right,Houston Astros,1997-01-17,Houston Astrosin,5,2015,H. B. Plant HS,2018-07-07
223,Trent,Grisham,grishtr01,Centerfielder,Left,Left,San Diego Padres,1996-11-01,Milwaukee Brewersin,15,2015,Richland HS,2019-08-01
224,Ian,Happ,happia01,"Outfielder, Second Baseman and Third Baseman",Both,Right,Chicago Cubs,1994-08-12,Chicago Cubsin,9,2015,Mount Lebanon HS,2017-05-13
225,Brandon,Lowe,lowebr01,Second Baseman and Outfielder,Left,Right,Tampa Bay Rays,1994-07-06,Tampa Bay Raysin,,2015,,2018-08-05
226,Fernando,Tatis Jr.,tatisfe02,Shortstop and Rightfielder,Right,Right,San Diego Padres,1999-01-02,,,,,2019-03-28
227,Lourdes,Gurriel Jr.,gurrilo01,"Leftfielder, Shortstop and Second Baseman",Right,Right,Toronto Blue Jays,1993-10-10,,,,,2018-04-20
228,Tommy,Edman,edmanto01,"Second Baseman, Third Baseman and Rightfielder",Both,Right,St. Louis Cardinals,1995-05-09,St. Louis Cardinalsin,,2016,La Jolla Country Day School,2019-06-08
229,Nick,Solak,solakni01,"Second Baseman, Leftfielder and Third Baseman",Right,Right,Texas Rangers,1995-01-11,New York Yankeesin,,2016,Naperville North HS,2019-08-20
230,Keston,Hiura,hiurake01,Second Baseman and First Baseman,Right,Right,Milwaukee Brewers,1996-08-02,Milwaukee Brewersin,9,2017,Valencia HS,2019-05-14
231,Nicky,Lopez,lopezni01,Shortstop and Second Baseman,Left,Right,Kansas City Royals,1995-03-13,Kansas City Royalsin,,2016,Central HS,2019-05-14
232,Luis,Robert,roberlu01,Centerfielder,Right,Right,Chicago White Sox,1997-08-03,,,,,2020-07-24
233,Josh,Harrison,harrijo05,"Second Baseman, Third Baseman and Outfielder",Right,Right,,1987-07-08,Chicago Cubsin,,2008,Princeton HS,2011-05-31
234,Jonathan,Schoop,schoojo01,Second Baseman and First Baseman,Right,Right,Detroit Tigers,1991-10-16,,,,,2013-09-25
235,Kyle,Farmer,farmeky01,"Shortstop, Second Baseman and Third Baseman",Right,Right,Cincinnati Reds,1990-08-17,New York Yankeesin,,2012,Marist School,2017-07-30
236,Enrique,Hernandez,hernaen02,"Outfielder, Second Baseman and Shortstop",Right,Right,Boston Red Sox,1991-08-24,Houston Astrosin,,2009,American Military Academy,2014-07-01
237,Michael A.,Taylor,taylomi01,Outfielder,Right,Right,,1985-12-19,Philadelphia Philliesin,,2007,Apopka HS,2011-09-02
238,Aaron,Judge,judgeaa01,Rightfielder,Right,Right,New York Yankees,1992-04-26,Oakland Athleticsin,,2010,Linden HS,2016-08-13
239,Hunter,Renfroe,renfrhu01,Rightfielder,Right,Right,Milwaukee Brewers,1992-01-28,Boston Red Soxin,,2010,Copiah Academy,2016-09-21
240,Tyler,O'Neill,oneilty01,Leftfielder,Right,Right,St. Louis Cardinals,1995-06-22,Seattle Marinersin,,2013,Garibaldi SS,2018-04-19
241,Luis,Urias,uriaslu01,"Shortstop, Third Baseman and Second Baseman",Right,Right,Milwaukee Brewers,1997-06-03,,,,,2018-08-28
242,Yandy,Diaz,diazya01,Third Baseman and First Baseman,Right,Right,Tampa Bay Rays,1991-08-08,,,,,2017-04-03
243,Cedric,Mullins II,mullice01,Centerfielder,Left,Left,Baltimore Orioles,1994-10-01,Baltimore Oriolesin,,2015,Brookwood HS,2018-08-10
244,Pavin,Smith,smithpa04,Outfielder and First Baseman,Left,Left,Arizona Diamondbacks,1996-02-06,Colorado Rockiesin,,2014,Palm Beach Gardens HS,2020-09-12
245,Shohei,Ohtani,ohtansh01,Designated Hitter and Pitcher,Left,Right,Los Angeles Angels,1994-07-05,,,,Hanamaki Higashi,2018-03-29
246,Ryan,Mountcastle,mountry01,First Baseman and Leftfielder,Right,Right,Baltimore Orioles,1997-02-18,Baltimore Oriolesin,36,2015,Paul J. Hagerty HS,2020-08-21
247,Jonathan,India,indiajo01,Second Baseman,Right,Right,Cincinnati Reds,1996-12-15,Milwaukee Brewersin,,2015,American Heritage HS,2021-04-01
248,Nathaniel,Lowe,lowena01,First Baseman,Left,Right,Texas Rangers,1995-07-07,Tampa Bay Raysin,,2016,Pope HS,2019-04-29
249,Ty,France,francty01,"First Baseman, Second Baseman and Third Baseman",Right,Right,Seattle Mariners,1994-07-13,San Diego Padresin,,2015,,2019-04-26
250,Myles,Straw,strawmy01,Centerfielder and Shortstop,Right,Right,Cleveland Indians,1994-10-17,Houston Astrosin,,2015,,2018-09-15
251,Jared,Walsh,walshja01,First Baseman and Rightfielder,Left,Left,Los Angeles Angels,1993-07-30,Los Angeles Angels,,2015,Peachtree Ridge HS,2019-05-15
252,Jazz,Chisholm Jr.,chishja01,Second Baseman and Shortstop,Left,Right,Miami Marlins,1998-02-01,,,,,2020-09-01
253,Bo,Bichette,bichebo01,Shortstop,Right,Right,Toronto Blue Jays,1998-03-05,Toronto Blue Jaysin,,2016,Lakewood HS,2019-07-29
254,Dylan,Carlson,carlsdy01,Outfielder,Both,Left,St. Louis Cardinals,1998-10-23,St. Louis Cardinalsin,33,2016,Elk Grove HS,2020-08-15
255,Adolis,Garcia,garciad01,Third Baseman and Leftfielder,Right,Right,,1985-04-12,,,,,2015-05-19
256,Randy,Arozarena,arozara01,Outfielder,Right,Right,Tampa Bay Rays,1995-02-28,,,,,2019-08-14
257,Josh,Rojas,rojasjo01,"Outfielder, Second Baseman and Shortstop",Left,Right,Arizona Diamondbacks,1994-06-30,Houston Astrosin,,2017,Millennium HS,2019-08-12
258,Austin,Hays,haysau01,Outfielder,Right,Right,Baltimore Orioles,1995-07-05,Baltimore Oriolesin,,2016,Spruce Creek HS,2017-09-07
259,Yordan,Alvarez,alvaryo01,Designated Hitter and Leftfielder,Left,Right,Houston Astros,1997-06-27,,,,,2019-06-09
260,Torii,Hunter,hunteto01,Outfielder,Right,Right,,1975-07-18,Minnesota Twinsin,20,1993,Pine Bluff HS,1997-08-22
261,David,Ortiz,ortizda01,Designated Hitter and First Baseman,Left,Left,,1975-11-18,,,,Estudia Espillat,1997-09-02
262,Alex,Rodriguez,rodrial01,Shortstop and Third Baseman,Right,Right,,1975-07-27,Seattle Marinersin,1,1993,Westminster Christian School,1994-07-08
263,Aramis,Ramirez,ramirar01,Third Baseman,Right,Right,,1978-06-25,,,,Aida Cartagena Portalatin,1998-05-26
264,Adrian,Beltre,beltrad01,Third Baseman,Right,Right,,1979-04-07,,,,Liceo Maximo Gomez,1998-06-24
265,Carlos,Beltran,beltrca01,Centerfielder,Both,Right,,1977-04-24,Kansas City Royalsin,,1995,Fernando Callejo HS,1998-09-14
266,Jimmy,Rollins,rolliji01,Shortstop,Both,Right,,1978-11-27,Philadelphia Philliesin,,1996,Encinal HS,2000-09-17
267,Marlon,Byrd,byrdma01,Outfielder,Right,Right,,1977-08-30,Philadelphia Philliesin,,1999,Sprayberry HS,2002-09-08
268,Adrian,Gonzalez,gonzaad01,First Baseman,Left,Left,,1982-05-08,Florida Marlinsin,1,2000,Eastlake HS,2004-04-18
269,Brandon,Phillips,phillbr01,Second Baseman,Right,Right,,1981-06-28,Montreal Exposin,,1999,Redan HS,2002-09-13
270,Jose,Reyes,reyesjo01,"Shortstop, Third Baseman and Second Baseman",Both,Right,,1983-06-11,,,,Liceo Delia Reyes,2003-06-10
271,Jhonny,Peralta,peraljh01,Shortstop and Third Baseman,Right,Right,,1982-05-28,,,,Collejo Pedagojico,2003-06-12
272,Prince,Fielder,fieldpr01,First Baseman,Left,Right,,1984-05-09,Milwaukee Brewersin,7,2002,Eau Gallie HS,2005-06-13
273,Robinson,Cano,canoro01,Second Baseman,Left,Right,New York Mets,1982-10-22,,,,San Pedro de Macoris,2005-05-03
274,Ryan,Howard,howarry01,First Baseman,Left,Left,,1979-11-19,Philadelphia Philliesin,,2001,Lafayette HS,2004-09-01
275,Jose,Bautista,bautijo02,Rightfielder and Third Baseman,Right,Right,,1980-10-19,Pittsburgh Piratesin,,2000,De La Salle,2004-04-04
276,Erick,Aybar,aybarer01,Shortstop and Second Baseman,Both,Right,,1984-01-14,,,,Freddie Pimental,2006-05-16
277,Russell,Martin,martiru01,Catcher,Right,Right,,1983-02-15,Montreal Exposin,,2000,Polyvalente Edouard Montpetit,2006-05-05
278,Curtis,Granderson,grandcu01,Outfielder,Left,Right,,1981-03-16,Detroit Tigersin,,2002,Thornton Fractional South HS,2004-09-13
279,Angel,Pagan,paganan01,Centerfielder,Both,Right,,1981-07-02,New York Metsin,,1999,Republica De Colombia HS,2006-04-03
280,Kendrys,Morales,moralke01,Designated Hitter and First Baseman,Both,Right,,1983-06-20,,,,,2006-05-23
281,Brian,McCann,mccanbr01,Catcher,Left,Right,,1984-02-20,Atlanta Bravesin,,2002,Duluth HS,2005-06-10
282,Neil,Walker,walkene01,"Second Baseman, First Baseman and Third Baseman",Both,Right,,1985-09-10,Pittsburgh Piratesin,11,2004,Pine-Richland HS,2009-09-01
283,Mark,Trumbo,trumbma01,"Outfielder, First Baseman and Designated Hitter",Right,Right,,1986-01-16,Anaheim Angelsin,,2004,Villa Park HS,2010-09-11
284,Martin,Prado,pradoma01,"Third Baseman, Second Baseman and Leftfielder",Right,Right,,1983-10-27,,,,,2006-04-23
285,Lucas,Duda,dudalu01,First Baseman and Outfielder,Left,Right,,1986-02-03,New York Metsin,,2007,Arlington HS,2010-09-01
286,Chase,Headley,headlch01,"Third Baseman, Leftfielder and First Baseman",Both,Right,,1984-05-09,San Diego Padresin,,2005,Fountain-Fort Carson HS,2007-06-15
287,Adam,Lind,lindad01,"First Baseman, Designated Hitter and Leftfielder",Left,Left,,1983-07-17,Minnesota Twinsin,,2002,Highland HS,2006-09-02
288,Troy,Tulowitzki,tulowtr01,Shortstop,Right,Right,,1984-10-10,Colorado Rockiesin,7,2005,Fremont HS,2006-08-30
289,Todd,Frazier,frazito01,Third Baseman and First Baseman,Right,Right,,1986-02-12,Colorado Rockiesin,,2004,Toms River South HS,2011-05-23
290,Billy,Butler,butlebi03,Designated Hitter and First Baseman,Right,Right,,1986-04-18,Kansas City Royalsin,14,2004,Wolfson HS,2007-05-01
291,Austin,Jackson,jacksau01,Centerfielder,Right,Right,,1987-02-01,New York Yankeesin,,2005,Billy Ryan HS,2010-04-05
292,Cameron,Maybin,maybica01,Centerfielder,Right,Right,,1987-04-04,Detroit Tigersin,10,2005,T. C. Roberson HS,2007-08-17
293,Buster,Posey III,poseybu01,Catcher and First Baseman,Right,Right,,1987-03-27,Los Angeles Angels,,2005,Lee County HS,2009-09-11
294,Jay,Bruce,bruceja01,Rightfielder and First Baseman,Left,Left,,1987-04-03,Cincinnati Redsin,12,2005,West Brook HS,2008-05-27
295,Chris,Coghlan,coghlch01,"Leftfielder, Third Baseman and Second Baseman",Left,Right,,1985-06-18,Arizona Diamondbacksin,,2003,East Lake HS,2009-05-08
296,Brandon,Moss,mossbr01,Outfielder and First Baseman,Left,Right,,1983-09-16,Boston Red Soxin,,2002,Loganville HS,2007-08-06
297,Trevor,Plouffe,plouftr01,"Third Baseman, Shortstop and First Baseman",Right,Right,,1986-06-15,Minnesota Twinsin,20,2004,Crespi Carmelite HS,2010-05-21
298,Francisco,Cervelli,cervefr01,Catcher,Right,Right,,1986-03-06,,,,,2008-09-18
299,Melky,Cabrera,cabreme01,Outfielder,Both,Left,,1984-08-11,,,,,2005-07-07
300,Pablo,Sandoval,sandopa01,Third Baseman and First Baseman,Both,Right,,1986-08-11,,,,Cento Estudio,2008-08-14
301,Gerardo,Parra,parrage01,Outfielder,Left,Left,,1987-05-06,,,,Liceo Francisco Pulgar,2009-05-13
302,Yunel,Escobar,escobyu01,Shortstop and Third Baseman,Right,Right,,1982-11-02,Atlanta Bravesin,,2005,Matires de Barbados,2007-06-02
303,Logan,Morrison,morrilo01,First Baseman and Leftfielder,Left,Left,,1987-08-25,Florida Marlinsin,,2005,Northshore HS,2010-07-27
304,Yoenis,Cespedes,cespeyo01,Leftfielder,Right,Right,,1985-10-18,,,,,2012-03-28
305,Alexei,Ramirez,ramiral01,Pitcher,Right,Right,,1957-05-01,Philadelphia Philliesin,,1975,Victoria HS,1983-06-08
306,Daniel,Murphy,murphda08,"Second Baseman, First Baseman and Third Baseman",Left,Right,,1985-04-01,New York Metsin,,2006,Englewood HS,2008-08-02
307,Mitch,Moreland,morelmi01,First Baseman and Rightfielder,Left,Left,,1985-09-06,Texas Rangersin,,2007,Amory HS,2010-07-29
308,Derek,Norris,norride01,Catcher,Right,Right,,1989-02-14,Washington Nationalsin,,2007,Goddard HS,2012-06-21
309,Ben,Revere,reverbe01,Outfielder,Left,Right,,1988-05-03,Minnesota Twinsin,28,2007,Lexington Catholic HS,2010-09-07
310,Stephen,Vogt,vogtst01,"Catcher, First Baseman and Outfielder",Left,Right,,1984-11-01,Tampa Bay Devil Raysin,,2007,Central Valley Christian HS,2012-04-06
311,Logan,Forsythe,forsylo01,"Second Baseman, Third Baseman and First Baseman",Right,Right,,1987-01-14,San Diego Padresin,46,2008,Christian Brothers HS,2011-05-04
312,Billy,Burns,burnsbi02,Centerfielder,Both,Right,,1989-08-30,Atlanta Bravesin,,2008,Walton HS,2014-07-28
313,Johnny,Giavotella,giavojo01,Second Baseman,Right,Right,,1987-07-10,Kansas City Royalsin,,2008,Jesuit HS,2011-08-05
314,Anthony,Gose,gosean01,Centerfielder,Left,Left,Cleveland Indians,1990-08-10,Philadelphia Philliesin,,2008,Bellflower HS,2012-07-17
315,Brett,Lawrie,lawribr01,Third Baseman and Second Baseman,Right,Right,,1990-01-18,Milwaukee Brewersin,16,2008,Brookswood SS,2011-08-05
316,Brock,Holt,holtbr01,"Second Baseman, Third Baseman and Outfielder",Left,Right,,1988-06-11,Pittsburgh Piratesin,,2009,Stephenville HS,2012-09-01
317,Chris,Owings,owingch01,"Shortstop, Second Baseman and Outfielder",Right,Right,,1991-08-12,Arizona Diamondbacksin,41,2009,Gilbert HS,2013-09-03
318,Evan,Gattis,gattiev01,"Designated Hitter, Catcher and Leftfielder",Right,Right,,1986-08-18,Atlanta Bravesin,,2010,Bishop Lynch HS,2013-04-03
319,Kevin,Kiermaier,kiermke01,Centerfielder,Left,Right,Tampa Bay Rays,1990-04-22,Tampa Bay Raysin,,2010,Bishop Luers HS,2013-09-30
320,Jace,Peterson,peterja01,"Second Baseman, Outfielder and Third Baseman",Left,Right,Milwaukee Brewers,1990-05-09,San Diego Padresin,58,2011,Hamilton Christian Academy,2014-04-25
321,Addison,Russell,russead02,Shortstop and Second Baseman,Right,Right,,1994-01-23,Oakland Athleticsin,11,2012,Pace HS,2015-04-21
322,Jayson,Werth,werthja01,Outfielder,Right,Right,,1979-05-20,Baltimore Oriolesin,22,1997,Glenwood HS,2002-09-01
323,Chase,Utley,utleych01,Second Baseman,Left,Right,,1978-12-17,Los Angeles Dodgersin,,1997,Polytechnic HS,2003-04-04
324,B.J.,Upton Jr.,uptonbj01,Centerfielder and Third Baseman,Right,Right,,1984-08-21,Tampa Bay Devil Raysin,2,2002,Greenbrier Christian Academy,2004-08-02
325,Hanley,Ramirez,ramirha01,"Shortstop, First Baseman and Third Baseman",Right,Right,,1983-12-23,,,,Adbentista,2005-09-20
326,Howie,Kendrick III,kendrho01,"Second Baseman, Leftfielder and First Baseman",Right,Right,,1983-07-12,Anaheim Angelsin,,2002,West Nassau HS,2006-04-26
327,Mike,Napoli,napolmi01,First Baseman and Catcher,Right,Right,,1981-10-31,Anaheim Angelsin,,2000,Charles Flanagan HS,2006-05-04
328,Zack,Cozart,cozarza01,Shortstop and Third Baseman,Right,Right,,1985-08-12,Cincinnati Redsin,,2007,Collierville HS,2011-07-07
329,Denard,Span,spande01,Centerfielder,Left,Left,,1984-02-27,Minnesota Twinsin,20,2002,Tampa Catholic HS,2008-04-06
330,Jacoby,Ellsbury,ellsbja01,Centerfielder,Left,Left,,1983-09-11,Tampa Bay Devil Raysin,,2002,Madras HS,2007-06-30
331,Dustin,Pedroia,pedrodu01,Second Baseman,Right,Right,,1983-08-17,Boston Red Soxin,,2004,Woodland HS,2006-08-22
332,Danny,Espinosa,espinda01,Second Baseman and Shortstop,Both,Right,,1987-04-25,Washington Nationalsin,,2008,Mater Dei HS,2010-09-01
333,Michael,Saunders,saundmi01,Outfielder,Left,Right,,1986-11-19,Seattle Marinersin,,2004,Lambrick Park SS,2009-07-25
334,Jordy,Mercer,mercejo03,Shortstop and Second Baseman,Right,Right,,1986-08-27,Los Angeles Dodgersin,,2005,Taloga HS,2012-05-29
335,Chris,Carter,cartech02,"First Baseman, Designated Hitter and Leftfielder",Right,Right,,1986-12-18,Chicago White Soxin,,2005,Sierra Vista HS,2010-08-09
336,Danny,Valencia,valenda01,"Third Baseman, First Baseman and Outfielder",Right,Right,,1984-09-19,Minnesota Twinsin,,2006,Spanish River Community HS,2010-06-03
337,Jonathan,Lucroy,lucrojo01,Catcher and First Baseman,Right,Right,,1986-06-13,Milwaukee Brewersin,,2007,Umatilla HS,2010-05-21
338,Brad,Miller,millebr02,"Shortstop, Second Baseman and First Baseman",Left,Right,,1989-10-18,Texas Rangersin,,2008,Olympia HS,2013-06-28
339,Leonys,Martin,martile01,Centerfielder,Left,Right,,1988-03-06,,,,,2011-09-02
340,Jake,Lamb,lambja01,"Third Baseman, First Baseman and Outfielder",Left,Right,,1990-10-09,Pittsburgh Piratesin,,2009,Bishop Blanchet HS,2014-08-07
341,Adeiny,Hechavarria,hechaad01,"Shortstop, Second Baseman and Third Baseman",Right,Right,,1989-04-15,,,,,2012-08-04
342,Cheslor,Cuthbert,cuthbch01,Third Baseman and First Baseman,Right,Right,,1992-11-16,,,,,2015-07-07
343,Joe,Panik,panikjo01,Second Baseman and Third Baseman,Left,Right,,1990-10-30,San Francisco Giantsin,29,2011,John Jay HS,2014-06-21
344,Adonis,Garcia,garciad01,Third Baseman and Leftfielder,Right,Right,,1985-04-12,,,,,2015-05-19
345,Yasmany,Tomas,tomasya01,Outfielder and Third Baseman,Right,Right,,1990-11-14,,,,,2015-04-15
346,Mark,Reynolds,reynoma01,Third Baseman and First Baseman,Right,Right,,1983-08-03,Arizona Diamondbacksin,,2004,First Colonial HS,2007-05-16
347,Hunter,Pence,pencehu01,Rightfielder,Right,Right,,1983-04-13,Milwaukee Brewersin,,2002,Arlington HS,2007-04-28
348,Matt,Joyce,joycema01,Outfielder and Pinch Hitter,Left,Right,,1984-08-03,Detroit Tigersin,,2005,Armwood HS,2008-05-05
349,Ryan,Zimmerman,zimmery01,Third Baseman and First Baseman,Right,Right,,1984-09-28,Washington Nationalsin,4,2005,Kellam HS,2005-09-01
350,David,Freese,freesda01,Third Baseman and First Baseman,Right,Right,,1983-04-28,San Diego Padresin,,2006,Lafayette HS,2009-04-06
351,Steven,Souza Jr.,souzast01,Rightfielder,Right,Right,,1989-04-24,Washington Nationalsin,,2007,Cascade HS,2014-04-13
352,Eric,Thames,thameer01,First Baseman and Outfielder,Left,Right,,1986-11-10,New York Yankeesin,,2007,Bellarmine College Preparatory,2011-05-18
353,Tim,Beckham,beckhti01,"Shortstop, Second Baseman and Third Baseman",Right,Right,,1990-01-27,Tampa Bay Raysin,1,2008,Griffin HS,2013-09-19
354,Tommy,Joseph,josepto01,First Baseman,Right,Right,,1991-07-16,San Francisco Giantsin,,2009,Horizon HS,2016-05-13
355,Ben,Gamel,gamelbe01,Outfielder,Left,Left,Pittsburgh Pirates,1992-05-17,New York Yankeesin,,2010,Bishop Kenney HS,2016-05-06
356,Scott,Schebler,schebsc01,Rightfielder,Left,Right,,1990-10-06,Los Angeles Dodgersin,,2010,Cedar Rapids Prairie HS,2015-06-05
357,Gary,Sanchez,sanchga02,Catcher,Right,Right,New York Yankees,1992-12-02,,,,,2015-10-03
358,Byron,Buxton,buxtoby01,Centerfielder,Right,Right,Minnesota Twins,1993-12-18,Minnesota Twinsin,2,2012,Appling County HS,2015-06-14
